{"train_loss":1.7456224393844604,"train/loss":0.8429,"train_runtime":2191.5452,"train/epoch":3.1155347384855583,"train/learning_rate":0,"_step":100,"train_steps_per_second":0.456,"total_flos":8.342531997696e+15,"train/global_step":1000,"_wandb":{"runtime":2191},"train/grad_norm":2.398592472076416,"train_samples_per_second":7.301,"_timestamp":1.7440557163693655e+09,"_runtime":2190.8766086}